codon,amino_acid,frequency
UUU,F,0.46413427
UCU,S,0.18758584
UAU,Y,0.44333811
UGU,C,0.45615733
UUC,F,0.53586573
UCC,S,0.21795953
UAC,Y,0.55666189
UGC,C,0.54384267
UUA,L,0.07656765
UCA,S,0.15051715
UAA,*,0.29701912
UGA,*,0.46624297
UUG,L,0.12905785
UCG,S,0.05439771
UAG,*,0.23673791
UGG,W,1.00000000
CUU,L,0.13171591
CCU,P,0.28673133
CAU,H,0.41851521
CGU,R,0.08010753
CUC,L,0.19557683
CCC,P,0.32347040
CAC,H,0.58148479
CGC,R,0.18377663
CUA,L,0.07138017
CCA,P,0.27660253
CAA,Q,0.26501676
CGA,R,0.10881248
CUG,L,0.39570159
CCG,P,0.11319574
CAG,Q,0.73498324
CGG,R,0.20155434
AUU,I,0.36107219
ACU,T,0.24676884
AAU,N,0.47036699
AGU,S,0.14960182
AUC,I,0.46986629
ACC,T,0.35523154
AAC,N,0.52963301
AGC,S,0.23993794
AUA,I,0.16906152
ACA,T,0.28418773
AAA,K,0.43404935
AGA,R,0.21465775
AUG,M,1.00000000
ACG,T,0.11381189
AAG,K,0.56595065
AGG,R,0.21109127
GUU,V,0.18177011
GCU,A,0.26592161
GAU,D,0.46454242
GGU,G,0.16308651
GUC,V,0.23830638
GCC,A,0.39978112
GAC,D,0.53545758
GGC,G,0.33710936
GUA,V,0.11657741
GCA,A,0.22812126
GAA,E,0.42245266
GGA,G,0.24992165
GUG,V,0.46334610
GCG,A,0.10617600
GAG,E,0.57754734
GGG,G,0.24988248
